Name,samaccountname,Title,Path,City,department,givenname,surname
"Karl Gross","Karl.Gross","Angestellter", "OU=Marketing Sued,OU=marketing,DC=seminar,DC=local","M�nchen","Marketing","Karl","Gross"
"Otto Hering","Otto.Hering","Angestellter","OU=IT,DC=seminar,DC=local","Emden","IT","Otto","Hering"
"Horst Hofer","Horst.Hofer","Angestellter","OU=IT,DC=seminar,DC=local","Bayreuth","IT","Horst","Hofer"
"Elli Bogen","Elli.Bogen","CEO","OU=management,DC=seminar,DC=local","Berlin","Management","Elli","Bogen"
"Karin Ahnungslos","Karin.Ahnungslos","Angestellte","OU=Marketing,DC=seminar,DC=local","Berlin","Marketing","Karin",Ahnungslos"